case_id,image_path,label_path,image_shape,mask_shape,selected_axis,selected_slice,foreground_slices_axis0,foreground_slices_axis1,foreground_slices_axis2,label_counts,visualization
00002,imagesTr_batch1/BreastDivider_00002_0000.nii.gz,labelsTr_batch1/BreastDivider_00002.nii.gz,448x448x120,448x448x120,1,230,382,187,115,0:21950962;1:1141895;2:991623,outputs/breastdivider_eda/visualizations/BreastDivider_00002_overlay.png
00003,imagesTr_batch1/BreastDivider_00003_0000.nii.gz,labelsTr_batch1/BreastDivider_00003.nii.gz,512x512x116,512x512x116,2,34,497,272,115,0:26403758;1:2283076;2:1721870,outputs/breastdivider_eda/visualizations/BreastDivider_00003_overlay.png
00004,imagesTr_batch1/BreastDivider_00004_0000.nii.gz,labelsTr_batch1/BreastDivider_00004.nii.gz,512x512x116,512x512x116,2,49,444,189,112,0:29130838;1:699083;2:578783,outputs/breastdivider_eda/visualizations/BreastDivider_00004_overlay.png
00005,imagesTr_batch1/BreastDivider_00005_0000.nii.gz,labelsTr_batch1/BreastDivider_00005.nii.gz,512x512x192,512x512x192,1,219,432,194,168,0:46584309;1:1769025;2:1978314,outputs/breastdivider_eda/visualizations/BreastDivider_00005_overlay.png
00006,imagesTr_batch1/BreastDivider_00006_0000.nii.gz,labelsTr_batch1/BreastDivider_00006.nii.gz,512x512x116,512x512x116,2,53,477,250,110,0:26830037;1:1889826;2:1688841,outputs/breastdivider_eda/visualizations/BreastDivider_00006_overlay.png
00007,imagesTr_batch1/BreastDivider_00007_0000.nii.gz,labelsTr_batch1/BreastDivider_00007.nii.gz,512x512x116,512x512x116,1,276,431,193,116,0:28975271;1:719454;2:713979,outputs/breastdivider_eda/visualizations/BreastDivider_00007_overlay.png
00008,imagesTr_batch1/BreastDivider_00008_0000.nii.gz,labelsTr_batch1/BreastDivider_00008.nii.gz,512x512x68,512x512x68,2,32,426,221,63,0:16386821;1:773982;2:664989,outputs/breastdivider_eda/visualizations/BreastDivider_00008_overlay.png
00009,imagesTr_batch1/BreastDivider_00009_0000.nii.gz,labelsTr_batch1/BreastDivider_00009.nii.gz,512x512x176,512x512x176,1,264,428,194,174,0:42245244;1:1828347;2:2063753,outputs/breastdivider_eda/visualizations/BreastDivider_00009_overlay.png
00010,imagesTr_batch1/BreastDivider_00010_0000.nii.gz,labelsTr_batch1/BreastDivider_00010.nii.gz,480x160x480,480x160x480,1,31,465,133,230,0:29897886;1:3754607;2:3211507,outputs/breastdivider_eda/visualizations/BreastDivider_00010_overlay.png
